geo,gender,year,u33783
0330,k,2021,100.0
0380,k,2021,100.0
0380,m,2021,95.23809524
0480,m,2021,100.0
1267,m,2021,100.0
1273,m,2021,100.0
1280,k,2021,92.30769231
1280,m,2021,100.0
1290,k,2021,100.0
1764,m,2021,100.0
2081,m,2021,100.0
0380,k,2022,82.0
0380,m,2022,67.0
0580,k,2022,100.0
0580,m,2022,87.0
