geo,gender,year,u33778
0330,k,2021,100.0
0380,k,2021,94.11764706
0380,m,2021,77.27272727
0480,m,2021,100.0
1267,m,2021,100.0
1273,m,2021,92.85714286
1280,k,2021,81.81818182
1280,m,2021,80.0
1290,k,2021,100.0
1764,m,2021,80.0
2081,m,2021,100.0
0380,k,2022,82.0
0380,m,2022,83.0
0580,k,2022,84.0
0580,m,2022,87.0
