geo,gender,year,u33784
0330,k,2021,100.0
0380,k,2021,100.0
0380,m,2021,90.90909091
0480,m,2021,88.88888889
1267,m,2021,100.0
1273,m,2021,92.30769231
1280,k,2021,92.30769231
1280,m,2021,100.0
1290,k,2021,100.0
1764,m,2021,100.0
2081,m,2021,100.0
0380,k,2022,73.0
0380,m,2022,80.0
0580,k,2022,84.0
0580,m,2022,79.0
