geo,year,u33767
0180,2021,100.0
0183,2021,100.0
0380,2021,92.30769231
0484,2021,78.94736842
0580,2021,100.0
0683,2021,90.0
0880,2021,88.88888889
1280,2021,96.0
1380,2021,90.0
1383,2021,80.0
1480,2021,100.0
1490,2021,80.0
2380,2021,85.71428571
0123,2022,100.0
0180,2022,100.0
0181,2022,100.0
0182,2022,100.0
0484,2022,100.0
0580,2022,100.0
1280,2022,86.0
1380,2022,89.0
1383,2022,100.0
1485,2022,100.0
2282,2022,100.0
2380,2022,100.0
