geo,year,u33786
0126,2021,52.17391304
0127,2021,36.36363636
0181,2021,53.48837209
0188,2021,44.44444444
0484,2021,46.05263158
0680,2021,40.0
0685,2021,61.11111111
0980,2021,54.54545455
1231,2021,80.0
1280,2021,45.71428571
1380,2021,60.0
1383,2021,30.55555556
1401,2021,46.15384615
1442,2021,90.90909091
1485,2021,39.47368421
0123,2022,37.5
0127,2022,48.0
0181,2022,40.0
0186,2022,60.86956522
0188,2022,23.91304348
0483,2022,57.89473684
0484,2022,29.41176471
0680,2022,28.30188679
0980,2022,60.71428571
1280,2022,37.19008264
1290,2022,64.70588235
1380,2022,33.33333333
1382,2022,87.5
1384,2022,47.61904762
