geo,year,n00674
0,2022,78.09446254
09,2022,75.98039216
0115,2022,77.64705882
0123,2022,76.375
0125,2022,71.875
0126,2022,78.89908257
0139,2022,80.72916667
0186,2022,78.25
0188,2022,78.375
0191,2022,74.85294118
0330,2022,77.17391304
0685,2022,80.12820513
0686,2022,71.21212121
0840,2022,77.7027027
0980,2022,75.98039216
1233,2022,72.625
1261,2022,90.2173913
1267,2022,87.5
1270,2022,83.21428571
1281,2022,77.83018868
1284,2022,90.87301587
1292,2022,82.75
1382,2022,80.86419753
1383,2022,75.32051282
1402,2022,76.09489051
1419,2022,83.78378378
1481,2022,76.25
1486,2022,85.29411765
1488,2022,75.98039216
1780,2022,74.375
1781,2022,89.51612903
1881,2022,76.1627907
2180,2022,80.04587156
2284,2022,83.08080808
2380,2022,75.72674419
