geo,year,n17312
0840,2021,177909.172932
0880,2021,177909.172932
0885,2021,177909.172932
1487,2021,204347.712904
1488,2021,204347.712904
1860,2021,213323.508267
1861,2021,213323.508267
1882,2021,213323.508267
2061,2021,209489.270386
2085,2021,209489.270386
2132,2021,261770.786516
2182,2021,261770.786516
2183,2021,261770.786516
2303,2021,166231.265787
2305,2021,166231.265787
2309,2021,166231.265787
2321,2021,166231.265787
2380,2021,166231.265787
2510,2021,150648.829431
2521,2021,150648.829431
2523,2021,150648.829431
2584,2021,150648.829431
0834,2022,179099.852289
0840,2022,179099.852289
0880,2022,179099.852289
0885,2022,179099.852289
1487,2022,211345.256024
1488,2022,211345.256024
1860,2022,210096.126255
1861,2022,210096.126255
1882,2022,210096.126255
2061,2022,222724.06181
2085,2022,222724.06181
2132,2022,266224.444444
2182,2022,266224.444444
2183,2022,266224.444444
2303,2022,167282.590871
2305,2022,167282.590871
2309,2022,167282.590871
2321,2022,167282.590871
2380,2022,167282.590871
2510,2022,155572.951365
2521,2022,155572.951365
2523,2022,155572.951365
2584,2022,155572.951365
