geo,year,u33770
0180,2021,100.0
0183,2021,100.0
0380,2021,100.0
0484,2021,83.33333333
0580,2021,100.0
0683,2021,100.0
0880,2021,100.0
1280,2021,100.0
1380,2021,90.0
1383,2021,100.0
1480,2021,91.66666667
1490,2021,100.0
2380,2021,100.0
0123,2022,100.0
0180,2022,67.0
0181,2022,100.0
0182,2022,94.0
0484,2022,100.0
0580,2022,89.0
0840,2022,100.0
1280,2022,93.0
1380,2022,100.0
1383,2022,100.0
1485,2022,100.0
2282,2022,75.0
2380,2022,100.0
