geo,year,u33763
0180,2021,100.0
0183,2021,66.66666667
0380,2021,100.0
0484,2021,83.33333333
0580,2021,100.0
0683,2021,80.0
0880,2021,100.0
1280,2021,94.11764706
1380,2021,90.0
1383,2021,75.0
1480,2021,83.33333333
1490,2021,33.33333333
2380,2021,100.0
0123,2022,100.0
0180,2022,0.0
0181,2022,100.0
0182,2022,80.0
0484,2022,83.0
0580,2022,75.0
1280,2022,89.0
1380,2022,86.0
1383,2022,100.0
1485,2022,75.0
2282,2022,86.0
2380,2022,100.0
