geo,year,n17311
0840,2021,2501.353383
0880,2021,2501.353383
0885,2021,2501.353383
1487,2021,1535.143175
1488,2021,1535.143175
1860,2021,1474.478792
1861,2021,1474.478792
1882,2021,1474.478792
2061,2021,1046.137339
2085,2021,1046.137339
2132,2021,3990.262172
2182,2021,3990.262172
2183,2021,3990.262172
2303,2021,1995.790064
2305,2021,1995.790064
2309,2021,1995.790064
2321,2021,1995.790064
2380,2021,1995.790064
2510,2021,2943.143812
2521,2021,2943.143812
2523,2021,2943.143812
2584,2021,2943.143812
0834,2022,1779.615952
0840,2022,1779.615952
0880,2022,1779.615952
0885,2022,1779.615952
1487,2022,1583.584337
1488,2022,1583.584337
1860,2022,1434.720229
1861,2022,1434.720229
1882,2022,1434.720229
2061,2022,1354.304635
2085,2022,1354.304635
2132,2022,5428.888888
2182,2022,5428.888888
2183,2022,5428.888888
2303,2022,2073.244055
2305,2022,2073.244055
2309,2022,2073.244055
2321,2022,2073.244055
2380,2022,2073.244055
2510,2022,2860.093271
2521,2022,2860.093271
2523,2022,2860.093271
2584,2022,2860.093271
